case,recourse_cost,recourse_availability,recourse_choice,recourse_cost_avg_gap,recourse_availability_avg_gap,recourse_choice_avg_gap
Baseline,0.8767304702556041,0.7786,7.2476,0.1332235870025132,0.07295924498999605,0.8770963122135988
Debiased-1,0.9343088480615362,0.7918000000000001,7.167400000000001,0.10855606412534176,0.09861031809628618,1.0718467194487125
Debiased-2,0.8696860280152089,0.857,8.1324,0.10044634537538803,0.05474007764278026,0.6121537293246226
