metric,case,avg_metric,avg_gap,max_gap
cost,Baseline,0.8767304702556039,0.13322358700251316,0.29468132282718784
availability,Baseline,0.7786,0.07295924498999605,0.16634963184937407
choice,Baseline,7.2476,0.8770963122135988,1.838984387740187
cost,Debiased-1,0.9343088480615362,0.10855606412534176,0.24721556254051902
availability,Debiased-1,0.7918000000000001,0.09861031809628618,0.22384806300459878
choice,Debiased-1,7.167400000000001,1.0718467194487125,2.4770092714085523
cost,Debiased-2,0.8696860280152089,0.10044634537538803,0.2384857524544019
availability,Debiased-2,0.857,0.05474007764278025,0.11498312025031418
choice,Debiased-2,8.1324,0.6121537293246226,1.3674762878173088
