case,avg_gap_metric,std,count,gap_sem
Baseline,0.8770963122135988,0.22543454838119392,5,0.10081739493146295
Debiased-1,1.0718467194487125,0.3422310707965691,5,0.15305038766273432
Debiased-2,0.6121537293246226,0.2224652366324679,5,0.09948947834815491
