case,avg_gap_metric,std,count,gap_sem
Baseline,0.8983240972246727,0.19659381134724158,10,0.06216842177507388
Debiased-1,1.0646407624086596,0.3223560657882161,10,0.1019379385461844
Debiased-2,0.6159155752437689,0.18828077160872939,10,0.05953960778975498
