case,avg_gap_metric,std,count,gap_sem
Baseline,0.055530847343286636,0.00503105958408167,5,0.0022499582457716867
Debiased-1,0.03253322075641822,0.005153625098917936,5,0.002304771210345916
Debiased-2,0.03165511443102857,0.005080934935248959,5,0.0022722631808940325
