case,attribute,accuracy,f1,roc_auc,TPR_gap,FPR_gap,FNR_gap,SelectionRate_gap,EO_gap_max
Case 1 cat-encoded + ord-encoded + bin-passthrough,Perceived_Race,0.8835279655808236,0.10823529411764705,0.8181047217447357,0.07566462167689161,0.006944444444444444,0.07566462167689159,0.011487318269220986,0.07566462167689161
Case 3 one-hot + ord-encoded + one-hot,Perceived_Race,0.8995851259987707,0.4431188751597784,0.8958327458011031,0.24107142857142855,0.02825253178194355,0.2410714285714286,0.06405532345538054,0.24107142857142855
Case 2 one-hot + ord-encoded + bin-passthrough,Perceived_Race,0.900660725261217,0.4775757575757576,0.8963573841050709,0.24412171507607192,0.023725490196078433,0.24412171507607194,0.06031342791158033,0.24412171507607192
Case 4 one-hot + ord-encoded + one-hot + SMOTE class rebalance,Perceived_Race,0.8461124769514444,0.5241149916844856,0.884596611561739,0.3442109385197755,0.10741421568627452,0.34421093851977547,0.16364606926923664,0.3442109385197755
Case 1 cat-encoded + ord-encoded + bin-passthrough,Sex,0.8835279655808236,0.10823529411764705,0.8181047217447357,0.00454598805103644,0.003571870064396548,0.004545988051036454,0.002784395819977841,0.00454598805103644
Case 2 one-hot + ord-encoded + bin-passthrough,Sex,0.900660725261217,0.4775757575757576,0.8963573841050709,0.08336506173440322,0.0022781037147602233,0.08336506173440317,0.016874525842029926,0.08336506173440322
Case 3 one-hot + ord-encoded + one-hot,Sex,0.8995851259987707,0.4431188751597784,0.8958327458011031,0.08633942041515064,0.0032211710850515093,0.08633942041515064,0.01737916657064934,0.08633942041515064
Case 4 one-hot + ord-encoded + one-hot + SMOTE class rebalance,Sex,0.8461124769514444,0.5241149916844856,0.884596611561739,0.1679639527194341,0.056112988415992326,0.1679639527194341,0.077669072594471,0.1679639527194341
