case,attribute,accuracy,f1,roc_auc,TPR_gap,FPR_gap,FNR_gap,SelectionRate_gap,EO_gap_max
Case 1: cat-encoded + ord-encoded + bin-passthrough,Perceived_Race,0.883220651505839,0.11525029103608847,0.8119406972944421,0.08384458077709611,0.008067226890756302,0.08384458077709611,0.013662393363812038,0.08384458077709611
Case 3: one-hot + ord-encoded + one-hot,Perceived_Race,0.9001229256299939,0.44206008583690987,0.8957481691376594,0.24744897959183673,0.0269079939668175,0.24744897959183676,0.06455484339725459,0.24744897959183673
Case 2: one-hot + ord-encoded + bin-passthrough,Perceived_Race,0.9012753534111863,0.4701030927835051,0.895852777852385,0.3035714285714286,0.019163434604611077,0.30357142857142855,0.07624398073836275,0.3035714285714286
Case 1: cat-encoded + ord-encoded + bin-passthrough,Sex,0.883220651505839,0.11525029103608847,0.8119406972944421,0.00804708590142534,0.0034741657510486412,0.008047085901425444,0.0030235588351355206,0.00804708590142534
Case 3: one-hot + ord-encoded + one-hot,Sex,0.9001229256299939,0.44206008583690987,0.8957481691376594,0.055665451922168596,0.0035643838792873764,0.05566545192216854,0.014288655624543088,0.055665451922168596
Case 2: one-hot + ord-encoded + bin-passthrough,Sex,0.9012753534111863,0.4701030927835051,0.895852777852385,0.05814169856205936,0.0019776965430716685,0.05814169856205931,0.010144955267456394,0.05814169856205936
