group,count,TP,TN,FP,FN,TPR,FPR,FNR,SelectionRate
M,10477,75,9156,32,1214,0.05818463925523662,0.0034828036569438396,0.9418153607447634,0.010212847189080844
F,2539,17,2252,16,254,0.06273062730627306,0.007054673721340388,0.9372693726937269,0.012997243009058685
