group,count,TP,TN,FP,FN,TPR,FPR,FNR,SelectionRate
M,10477,955,7792,1396,334,0.7408844065166796,0.151937309534175,0.2591155934833204,0.22439629664980434
F,2539,176,2015,253,95,0.6494464944649446,0.11155202821869488,0.3505535055350554,0.16896415911776289
