group,count,TP,TN,FP,FN,TPR,FPR,FNR,SelectionRate
M,10477,507,8924,264,782,0.39332816136539955,0.028733130169786677,0.6066718386346005,0.07358976806337691
F,2539,84,2208,60,187,0.30996309963099633,0.026455026455026454,0.6900369003690037,0.05671524222134699
