group,count,TP,TN,FP,FN,TPR,FPR,FNR,SelectionRate
White,5501,297,4625,153,426,0.4107883817427386,0.0320217664294684,0.5892116182572614,0.08180330848936557
Black,3464,192,2869,106,297,0.39263803680981596,0.03563025210084034,0.6073619631901841,0.08602771362586605
Unknown or Legacy,1135,36,1003,24,72,0.3333333333333333,0.023369036027263874,0.6666666666666666,0.05286343612334802
East/Southeast Asian,839,12,763,12,52,0.1875,0.015483870967741935,0.8125,0.028605482717520857
South Asian,712,14,653,10,35,0.2857142857142857,0.015082956259426848,0.7142857142857143,0.033707865168539325
Middle-Eastern,623,13,566,10,34,0.2765957446808511,0.017361111111111112,0.723404255319149,0.03691813804173355
Indigenous,392,23,332,4,33,0.4107142857142857,0.011904761904761904,0.5892857142857143,0.06887755102040816
Latino,350,4,321,5,20,0.16666666666666666,0.015337423312883436,0.8333333333333334,0.025714285714285714
