group,count,TP,TN,FP,FN,TPR,FPR,FNR,SelectionRate
M,10477,449,8968,220,840,0.3483320403413499,0.023944275141488898,0.6516679596586501,0.06385415672425312
F,2539,71,2221,47,200,0.26199261992619927,0.02072310405643739,0.7380073800738007,0.04647499015360378
